signal_date,from_symbol,from_name,to_symbol,to_name,reason,selection_reason,rank_1_symbol
2014-01-14,,,513100,纳指ETF国泰,initial_entry_risk,top_ranked_risk_asset,513100
2014-01-20,513100,纳指ETF国泰,159934,黄金ETF易方达,risk_to_risk_rotation,top_ranked_risk_asset,159934
2014-01-21,159934,黄金ETF易方达,513100,纳指ETF国泰,risk_to_risk_rotation,top_ranked_risk_asset,513100
2014-01-22,513100,纳指ETF国泰,159934,黄金ETF易方达,risk_to_risk_rotation,top_ranked_risk_asset,159934
2014-01-28,159934,黄金ETF易方达,980080.CN,国证成长100指数,risk_to_risk_rotation,top_ranked_risk_asset,980080.CN
2014-02-24,980080.CN,国证成长100指数,399439.SZ,国证石油天然气指数,risk_to_risk_rotation,top_ranked_risk_asset,399439.SZ
2014-03-06,399439.SZ,国证石油天然气指数,159934,黄金ETF易方达,risk_to_risk_rotation,top_ranked_risk_asset,159934
2014-03-07,159934,黄金ETF易方达,399439.SZ,国证石油天然气指数,risk_to_risk_rotation,top_ranked_risk_asset,399439.SZ
2014-03-12,399439.SZ,国证石油天然气指数,159934,黄金ETF易方达,risk_to_risk_rotation,top_ranked_risk_asset,159934
2014-03-21,159934,黄金ETF易方达,511880,银华日利ETF,risk_to_defensive_fallback,fallback_defensive_asset,
2014-03-24,511880,银华日利ETF,159934,黄金ETF易方达,defensive_to_risk_reentry,top_ranked_risk_asset,159934
2014-03-25,159934,黄金ETF易方达,511880,银华日利ETF,risk_to_defensive_fallback,fallback_defensive_asset,
2014-03-26,511880,银华日利ETF,980081.CNI,国证价值100指数,defensive_to_risk_reentry,top_ranked_risk_asset,980081.CNI
2014-04-21,980081.CNI,国证价值100指数,399439.SZ,国证石油天然气指数,risk_to_risk_rotation,top_ranked_risk_asset,399439.SZ
2014-04-23,399439.SZ,国证石油天然气指数,511880,银华日利ETF,risk_to_defensive_fallback,fallback_defensive_asset,
2014-04-30,511880,银华日利ETF,159934,黄金ETF易方达,defensive_to_risk_reentry,top_ranked_risk_asset,159934
2014-05-12,159934,黄金ETF易方达,513100,纳指ETF国泰,risk_to_risk_rotation,top_ranked_risk_asset,513100
2014-05-15,513100,纳指ETF国泰,511880,银华日利ETF,risk_to_defensive_fallback,fallback_defensive_asset,
2014-05-16,511880,银华日利ETF,513100,纳指ETF国泰,defensive_to_risk_reentry,top_ranked_risk_asset,513100
2014-05-26,513100,纳指ETF国泰,159934,黄金ETF易方达,risk_to_risk_rotation,top_ranked_risk_asset,159934
2014-05-27,159934,黄金ETF易方达,513100,纳指ETF国泰,risk_to_risk_rotation,top_ranked_risk_asset,513100
2014-06-30,513100,纳指ETF国泰,159934,黄金ETF易方达,risk_to_risk_rotation,top_ranked_risk_asset,159934
2014-07-07,159934,黄金ETF易方达,980080.CN,国证成长100指数,risk_to_risk_rotation,top_ranked_risk_asset,980080.CN
2014-07-09,980080.CN,国证成长100指数,159934,黄金ETF易方达,risk_to_risk_rotation,top_ranked_risk_asset,159934
2014-07-15,159934,黄金ETF易方达,513100,纳指ETF国泰,risk_to_risk_rotation,top_ranked_risk_asset,513100
2014-07-17,513100,纳指ETF国泰,980081.CNI,国证价值100指数,risk_to_risk_rotation,top_ranked_risk_asset,980081.CNI
2014-08-11,980081.CNI,国证价值100指数,399439.SZ,国证石油天然气指数,risk_to_risk_rotation,top_ranked_risk_asset,399439.SZ
2014-08-18,399439.SZ,国证石油天然气指数,980080.CN,国证成长100指数,risk_to_risk_rotation,top_ranked_risk_asset,980080.CN
2014-09-22,980080.CN,国证成长100指数,511880,银华日利ETF,risk_to_defensive_fallback,fallback_defensive_asset,
2014-09-24,511880,银华日利ETF,980080.CN,国证成长100指数,defensive_to_risk_reentry,top_ranked_risk_asset,980080.CN
2014-10-17,980080.CN,国证成长100指数,511880,银华日利ETF,risk_to_defensive_fallback,fallback_defensive_asset,
2014-10-21,511880,银华日利ETF,159934,黄金ETF易方达,defensive_to_risk_reentry,top_ranked_risk_asset,159934
2014-10-27,159934,黄金ETF易方达,511880,银华日利ETF,risk_to_defensive_fallback,fallback_defensive_asset,
2014-10-29,511880,银华日利ETF,980080.CN,国证成长100指数,defensive_to_risk_reentry,top_ranked_risk_asset,980080.CN
2014-10-31,980080.CN,国证成长100指数,513100,纳指ETF国泰,risk_to_risk_rotation,top_ranked_risk_asset,513100
2014-11-17,513100,纳指ETF国泰,980081.CNI,国证价值100指数,risk_to_risk_rotation,top_ranked_risk_asset,980081.CNI
2015-01-19,980081.CNI,国证价值100指数,159934,黄金ETF易方达,risk_to_risk_rotation,top_ranked_risk_asset,159934
2015-01-27,159934,黄金ETF易方达,980080.CN,国证成长100指数,risk_to_risk_rotation,top_ranked_risk_asset,980080.CN
2015-02-05,980080.CN,国证成长100指数,511880,银华日利ETF,risk_to_defensive_fallback,fallback_defensive_asset,
2015-02-10,511880,银华日利ETF,513100,纳指ETF国泰,defensive_to_risk_reentry,top_ranked_risk_asset,513100
2015-02-16,513100,纳指ETF国泰,980080.CN,国证成长100指数,risk_to_risk_rotation,top_ranked_risk_asset,980080.CN
2015-02-17,980080.CN,国证成长100指数,513100,纳指ETF国泰,risk_to_risk_rotation,top_ranked_risk_asset,513100
2015-03-10,513100,纳指ETF国泰,980080.CN,国证成长100指数,risk_to_risk_rotation,top_ranked_risk_asset,980080.CN
2015-06-16,980080.CN,国证成长100指数,980081.CNI,国证价值100指数,risk_to_risk_rotation,top_ranked_risk_asset,980081.CNI
2015-06-19,980081.CNI,国证价值100指数,511880,银华日利ETF,risk_to_defensive_fallback,fallback_defensive_asset,
2015-07-17,511880,银华日利ETF,513100,纳指ETF国泰,defensive_to_risk_reentry,top_ranked_risk_asset,513100
2015-07-31,513100,纳指ETF国泰,511880,银华日利ETF,risk_to_defensive_fallback,fallback_defensive_asset,
2015-08-10,511880,银华日利ETF,980080.CN,国证成长100指数,defensive_to_risk_reentry,top_ranked_risk_asset,980080.CN
2015-08-12,980080.CN,国证成长100指数,513100,纳指ETF国泰,risk_to_risk_rotation,top_ranked_risk_asset,513100
2015-08-19,513100,纳指ETF国泰,159934,黄金ETF易方达,risk_to_risk_rotation,top_ranked_risk_asset,159934
2015-09-07,159934,黄金ETF易方达,511880,银华日利ETF,risk_to_defensive_fallback,fallback_defensive_asset,
2015-09-29,511880,银华日利ETF,399439.SZ,国证石油天然气指数,defensive_to_risk_reentry,top_ranked_risk_asset,399439.SZ
2015-09-30,399439.SZ,国证石油天然气指数,980080.CN,国证成长100指数,risk_to_risk_rotation,top_ranked_risk_asset,980080.CN
2015-10-30,980080.CN,国证成长100指数,513100,纳指ETF国泰,risk_to_risk_rotation,top_ranked_risk_asset,513100
2015-11-04,513100,纳指ETF国泰,980080.CN,国证成长100指数,risk_to_risk_rotation,top_ranked_risk_asset,980080.CN
2015-11-06,980080.CN,国证成长100指数,513100,纳指ETF国泰,risk_to_risk_rotation,top_ranked_risk_asset,513100
2015-11-09,513100,纳指ETF国泰,980080.CN,国证成长100指数,risk_to_risk_rotation,top_ranked_risk_asset,980080.CN
2015-11-26,980080.CN,国证成长100指数,511880,银华日利ETF,risk_to_defensive_fallback,fallback_defensive_asset,
2015-11-27,511880,银华日利ETF,513100,纳指ETF国泰,defensive_to_risk_reentry,top_ranked_risk_asset,513100
2015-12-03,513100,纳指ETF国泰,980081.CNI,国证价值100指数,risk_to_risk_rotation,top_ranked_risk_asset,980081.CNI
2015-12-04,980081.CNI,国证价值100指数,513100,纳指ETF国泰,risk_to_risk_rotation,top_ranked_risk_asset,513100
2015-12-09,513100,纳指ETF国泰,511880,银华日利ETF,risk_to_defensive_fallback,fallback_defensive_asset,
2015-12-15,511880,银华日利ETF,980081.CNI,国证价值100指数,defensive_to_risk_reentry,top_ranked_risk_asset,980081.CNI
2015-12-16,980081.CNI,国证价值100指数,513100,纳指ETF国泰,risk_to_risk_rotation,top_ranked_risk_asset,513100
2015-12-17,513100,纳指ETF国泰,980081.CNI,国证价值100指数,risk_to_risk_rotation,top_ranked_risk_asset,980081.CNI
2016-01-04,980081.CNI,国证价值100指数,159934,黄金ETF易方达,risk_to_risk_rotation,top_ranked_risk_asset,159934
2016-01-22,159934,黄金ETF易方达,511880,银华日利ETF,risk_to_defensive_fallback,fallback_defensive_asset,
2016-01-26,511880,银华日利ETF,159934,黄金ETF易方达,defensive_to_risk_reentry,top_ranked_risk_asset,159934
2016-03-15,159934,黄金ETF易方达,513100,纳指ETF国泰,risk_to_risk_rotation,top_ranked_risk_asset,513100
2016-03-21,513100,纳指ETF国泰,980081.CNI,国证价值100指数,risk_to_risk_rotation,top_ranked_risk_asset,980081.CNI
2016-03-29,980081.CNI,国证价值100指数,980080.CN,国证成长100指数,risk_to_risk_rotation,top_ranked_risk_asset,980080.CN
2016-04-20,980080.CN,国证成长100指数,511880,银华日利ETF,risk_to_defensive_fallback,fallback_defensive_asset,
2016-04-21,511880,银华日利ETF,513100,纳指ETF国泰,defensive_to_risk_reentry,top_ranked_risk_asset,513100
2016-04-26,513100,纳指ETF国泰,511880,银华日利ETF,risk_to_defensive_fallback,fallback_defensive_asset,
2016-04-27,511880,银华日利ETF,159934,黄金ETF易方达,defensive_to_risk_reentry,top_ranked_risk_asset,159934
2016-05-17,159934,黄金ETF易方达,511880,银华日利ETF,risk_to_defensive_fallback,fallback_defensive_asset,
2016-05-26,511880,银华日利ETF,513100,纳指ETF国泰,defensive_to_risk_reentry,top_ranked_risk_asset,513100
2016-05-30,513100,纳指ETF国泰,511880,银华日利ETF,risk_to_defensive_fallback,fallback_defensive_asset,
2016-05-31,511880,银华日利ETF,513100,纳指ETF国泰,defensive_to_risk_reentry,top_ranked_risk_asset,513100
2016-06-13,513100,纳指ETF国泰,980080.CN,国证成长100指数,risk_to_risk_rotation,top_ranked_risk_asset,980080.CN
2016-06-27,980080.CN,国证成长100指数,159934,黄金ETF易方达,risk_to_risk_rotation,top_ranked_risk_asset,159934
2016-07-14,159934,黄金ETF易方达,980080.CN,国证成长100指数,risk_to_risk_rotation,top_ranked_risk_asset,980080.CN
2016-07-20,980080.CN,国证成长100指数,513100,纳指ETF国泰,risk_to_risk_rotation,top_ranked_risk_asset,513100
2016-08-17,513100,纳指ETF国泰,980081.CNI,国证价值100指数,risk_to_risk_rotation,top_ranked_risk_asset,980081.CNI
2016-08-26,980081.CNI,国证价值100指数,399439.SZ,国证石油天然气指数,risk_to_risk_rotation,top_ranked_risk_asset,399439.SZ
2016-08-29,399439.SZ,国证石油天然气指数,980080.CN,国证成长100指数,risk_to_risk_rotation,top_ranked_risk_asset,980080.CN
2016-08-30,980080.CN,国证成长100指数,513100,纳指ETF国泰,risk_to_risk_rotation,top_ranked_risk_asset,513100
2016-09-05,513100,纳指ETF国泰,399439.SZ,国证石油天然气指数,risk_to_risk_rotation,top_ranked_risk_asset,399439.SZ
2016-09-12,399439.SZ,国证石油天然气指数,980081.CNI,国证价值100指数,risk_to_risk_rotation,top_ranked_risk_asset,980081.CNI
2016-09-13,980081.CNI,国证价值100指数,511880,银华日利ETF,risk_to_defensive_fallback,fallback_defensive_asset,
2016-09-21,511880,银华日利ETF,513100,纳指ETF国泰,defensive_to_risk_reentry,top_ranked_risk_asset,513100
2016-10-12,513100,纳指ETF国泰,511880,银华日利ETF,risk_to_defensive_fallback,fallback_defensive_asset,
2016-10-14,511880,银华日利ETF,980080.CN,国证成长100指数,defensive_to_risk_reentry,top_ranked_risk_asset,980080.CN
2016-10-17,980080.CN,国证成长100指数,513100,纳指ETF国泰,risk_to_risk_rotation,top_ranked_risk_asset,513100
2016-10-21,513100,纳指ETF国泰,980080.CN,国证成长100指数,risk_to_risk_rotation,top_ranked_risk_asset,980080.CN
2016-10-25,980080.CN,国证成长100指数,980081.CNI,国证价值100指数,risk_to_risk_rotation,top_ranked_risk_asset,980081.CNI
2016-12-08,980081.CNI,国证价值100指数,399439.SZ,国证石油天然气指数,risk_to_risk_rotation,top_ranked_risk_asset,399439.SZ
2016-12-31,399439.SZ,国证石油天然气指数,511880,银华日利ETF,risk_to_defensive_fallback,fallback_defensive_asset,
2017-01-03,511880,银华日利ETF,399439.SZ,国证石油天然气指数,defensive_to_risk_reentry,top_ranked_risk_asset,399439.SZ
2017-01-17,399439.SZ,国证石油天然气指数,159934,黄金ETF易方达,risk_to_risk_rotation,top_ranked_risk_asset,159934
2017-01-25,159934,黄金ETF易方达,980081.CNI,国证价值100指数,risk_to_risk_rotation,top_ranked_risk_asset,980081.CNI
2017-02-06,980081.CNI,国证价值100指数,513100,纳指ETF国泰,risk_to_risk_rotation,top_ranked_risk_asset,513100
2017-02-20,513100,纳指ETF国泰,980081.CNI,国证价值100指数,risk_to_risk_rotation,top_ranked_risk_asset,980081.CNI
2017-02-22,980081.CNI,国证价值100指数,980080.CN,国证成长100指数,risk_to_risk_rotation,top_ranked_risk_asset,980080.CN
2017-03-01,980080.CN,国证成长100指数,513100,纳指ETF国泰,risk_to_risk_rotation,top_ranked_risk_asset,513100
2017-03-06,513100,纳指ETF国泰,980080.CN,国证成长100指数,risk_to_risk_rotation,top_ranked_risk_asset,980080.CN
2017-03-29,980080.CN,国证成长100指数,980081.CNI,国证价值100指数,risk_to_risk_rotation,top_ranked_risk_asset,980081.CNI
2017-04-17,980081.CNI,国证价值100指数,159934,黄金ETF易方达,risk_to_risk_rotation,top_ranked_risk_asset,159934
2017-04-25,159934,黄金ETF易方达,980081.CNI,国证价值100指数,risk_to_risk_rotation,top_ranked_risk_asset,980081.CNI
2017-04-28,980081.CNI,国证价值100指数,513100,纳指ETF国泰,risk_to_risk_rotation,top_ranked_risk_asset,513100
2017-05-17,513100,纳指ETF国泰,511880,银华日利ETF,risk_to_defensive_fallback,fallback_defensive_asset,
2017-05-19,511880,银华日利ETF,513100,纳指ETF国泰,defensive_to_risk_reentry,top_ranked_risk_asset,513100
2017-05-23,513100,纳指ETF国泰,511880,银华日利ETF,risk_to_defensive_fallback,fallback_defensive_asset,
2017-05-24,511880,银华日利ETF,513100,纳指ETF国泰,defensive_to_risk_reentry,top_ranked_risk_asset,513100
2017-06-01,513100,纳指ETF国泰,980081.CNI,国证价值100指数,risk_to_risk_rotation,top_ranked_risk_asset,980081.CNI
2017-06-28,980081.CNI,国证价值100指数,980080.CN,国证成长100指数,risk_to_risk_rotation,top_ranked_risk_asset,980080.CN
2017-07-17,980080.CN,国证成长100指数,980081.CNI,国证价值100指数,risk_to_risk_rotation,top_ranked_risk_asset,980081.CNI
2017-07-18,980081.CNI,国证价值100指数,980080.CN,国证成长100指数,risk_to_risk_rotation,top_ranked_risk_asset,980080.CN
2017-08-11,980080.CN,国证成长100指数,159934,黄金ETF易方达,risk_to_risk_rotation,top_ranked_risk_asset,159934
2017-08-15,159934,黄金ETF易方达,511880,银华日利ETF,risk_to_defensive_fallback,fallback_defensive_asset,
2017-08-17,511880,银华日利ETF,159934,黄金ETF易方达,defensive_to_risk_reentry,top_ranked_risk_asset,159934
2017-09-05,159934,黄金ETF易方达,980080.CN,国证成长100指数,risk_to_risk_rotation,top_ranked_risk_asset,980080.CN
2017-09-21,980080.CN,国证成长100指数,980081.CNI,国证价值100指数,risk_to_risk_rotation,top_ranked_risk_asset,980081.CNI
2017-09-30,980081.CNI,国证价值100指数,513100,纳指ETF国泰,risk_to_risk_rotation,top_ranked_risk_asset,513100
2017-10-09,513100,纳指ETF国泰,980081.CNI,国证价值100指数,risk_to_risk_rotation,top_ranked_risk_asset,980081.CNI
2017-10-16,980081.CNI,国证价值100指数,513100,纳指ETF国泰,risk_to_risk_rotation,top_ranked_risk_asset,513100
2017-10-19,513100,纳指ETF国泰,980081.CNI,国证价值100指数,risk_to_risk_rotation,top_ranked_risk_asset,980081.CNI
2017-11-27,980081.CNI,国证价值100指数,513100,纳指ETF国泰,risk_to_risk_rotation,top_ranked_risk_asset,513100
2017-11-29,513100,纳指ETF国泰,980081.CNI,国证价值100指数,risk_to_risk_rotation,top_ranked_risk_asset,980081.CNI
2017-11-30,980081.CNI,国证价值100指数,513100,纳指ETF国泰,risk_to_risk_rotation,top_ranked_risk_asset,513100
2017-12-01,513100,纳指ETF国泰,511880,银华日利ETF,risk_to_defensive_fallback,fallback_defensive_asset,
2017-12-11,511880,银华日利ETF,513100,纳指ETF国泰,defensive_to_risk_reentry,top_ranked_risk_asset,513100
2017-12-12,513100,纳指ETF国泰,511880,银华日利ETF,risk_to_defensive_fallback,fallback_defensive_asset,
2017-12-13,511880,银华日利ETF,513100,纳指ETF国泰,defensive_to_risk_reentry,top_ranked_risk_asset,513100
2017-12-25,513100,纳指ETF国泰,399439.SZ,国证石油天然气指数,risk_to_risk_rotation,top_ranked_risk_asset,399439.SZ
2017-12-29,399439.SZ,国证石油天然气指数,980081.CNI,国证价值100指数,risk_to_risk_rotation,top_ranked_risk_asset,980081.CNI
2017-12-31,980081.CNI,国证价值100指数,511880,银华日利ETF,risk_to_defensive_fallback,fallback_defensive_asset,
2018-01-02,511880,银华日利ETF,980081.CNI,国证价值100指数,defensive_to_risk_reentry,top_ranked_risk_asset,980081.CNI
2018-01-12,980081.CNI,国证价值100指数,399439.SZ,国证石油天然气指数,risk_to_risk_rotation,top_ranked_risk_asset,399439.SZ
2018-01-16,399439.SZ,国证石油天然气指数,980081.CNI,国证价值100指数,risk_to_risk_rotation,top_ranked_risk_asset,980081.CNI
2018-02-06,980081.CNI,国证价值100指数,511880,银华日利ETF,risk_to_defensive_fallback,fallback_defensive_asset,
2018-03-06,511880,银华日利ETF,980080.CN,国证成长100指数,defensive_to_risk_reentry,top_ranked_risk_asset,980080.CN
2018-03-20,980080.CN,国证成长100指数,399439.SZ,国证石油天然气指数,risk_to_risk_rotation,top_ranked_risk_asset,399439.SZ
2018-03-26,399439.SZ,国证石油天然气指数,511880,银华日利ETF,risk_to_defensive_fallback,fallback_defensive_asset,
2018-03-27,511880,银华日利ETF,159934,黄金ETF易方达,defensive_to_risk_reentry,top_ranked_risk_asset,159934
2018-03-29,159934,黄金ETF易方达,511880,银华日利ETF,risk_to_defensive_fallback,fallback_defensive_asset,
2018-03-30,511880,银华日利ETF,159934,黄金ETF易方达,defensive_to_risk_reentry,top_ranked_risk_asset,159934
2018-04-04,159934,黄金ETF易方达,511880,银华日利ETF,risk_to_defensive_fallback,fallback_defensive_asset,
2018-04-12,511880,银华日利ETF,159934,黄金ETF易方达,defensive_to_risk_reentry,top_ranked_risk_asset,159934
2018-04-23,159934,黄金ETF易方达,511880,银华日利ETF,risk_to_defensive_fallback,fallback_defensive_asset,
2018-04-26,511880,银华日利ETF,513100,纳指ETF国泰,defensive_to_risk_reentry,top_ranked_risk_asset,513100
2018-05-03,513100,纳指ETF国泰,399439.SZ,国证石油天然气指数,risk_to_risk_rotation,top_ranked_risk_asset,399439.SZ
2018-05-04,399439.SZ,国证石油天然气指数,513100,纳指ETF国泰,risk_to_risk_rotation,top_ranked_risk_asset,513100
2018-05-21,513100,纳指ETF国泰,399439.SZ,国证石油天然气指数,risk_to_risk_rotation,top_ranked_risk_asset,399439.SZ
2018-05-24,399439.SZ,国证石油天然气指数,511880,银华日利ETF,risk_to_defensive_fallback,fallback_defensive_asset,
2018-05-25,511880,银华日利ETF,513100,纳指ETF国泰,defensive_to_risk_reentry,top_ranked_risk_asset,513100
2018-05-28,513100,纳指ETF国泰,511880,银华日利ETF,risk_to_defensive_fallback,fallback_defensive_asset,
2018-05-29,511880,银华日利ETF,513100,纳指ETF国泰,defensive_to_risk_reentry,top_ranked_risk_asset,513100
2018-06-25,513100,纳指ETF国泰,511880,银华日利ETF,risk_to_defensive_fallback,fallback_defensive_asset,
2018-06-26,511880,银华日利ETF,513100,纳指ETF国泰,defensive_to_risk_reentry,top_ranked_risk_asset,513100
2018-06-27,513100,纳指ETF国泰,511880,银华日利ETF,risk_to_defensive_fallback,fallback_defensive_asset,
2018-06-28,511880,银华日利ETF,513100,纳指ETF国泰,defensive_to_risk_reentry,top_ranked_risk_asset,513100
2018-06-29,513100,纳指ETF国泰,511880,银华日利ETF,risk_to_defensive_fallback,fallback_defensive_asset,
2018-07-02,511880,银华日利ETF,513100,纳指ETF国泰,defensive_to_risk_reentry,top_ranked_risk_asset,513100
2018-07-03,513100,纳指ETF国泰,511880,银华日利ETF,risk_to_defensive_fallback,fallback_defensive_asset,
2018-07-05,511880,银华日利ETF,513100,纳指ETF国泰,defensive_to_risk_reentry,top_ranked_risk_asset,513100
2018-07-30,513100,纳指ETF国泰,399439.SZ,国证石油天然气指数,risk_to_risk_rotation,top_ranked_risk_asset,399439.SZ
2018-08-01,399439.SZ,国证石油天然气指数,513100,纳指ETF国泰,risk_to_risk_rotation,top_ranked_risk_asset,513100
2018-08-08,513100,纳指ETF国泰,399439.SZ,国证石油天然气指数,risk_to_risk_rotation,top_ranked_risk_asset,399439.SZ
2018-08-09,399439.SZ,国证石油天然气指数,513100,纳指ETF国泰,risk_to_risk_rotation,top_ranked_risk_asset,513100
2018-08-13,513100,纳指ETF国泰,399439.SZ,国证石油天然气指数,risk_to_risk_rotation,top_ranked_risk_asset,399439.SZ
2018-08-17,399439.SZ,国证石油天然气指数,513100,纳指ETF国泰,risk_to_risk_rotation,top_ranked_risk_asset,513100
2018-08-20,513100,纳指ETF国泰,399439.SZ,国证石油天然气指数,risk_to_risk_rotation,top_ranked_risk_asset,399439.SZ
2018-08-21,399439.SZ,国证石油天然气指数,511880,银华日利ETF,risk_to_defensive_fallback,fallback_defensive_asset,
2018-08-24,511880,银华日利ETF,513100,纳指ETF国泰,defensive_to_risk_reentry,top_ranked_risk_asset,513100
2018-09-03,513100,纳指ETF国泰,399439.SZ,国证石油天然气指数,risk_to_risk_rotation,top_ranked_risk_asset,399439.SZ
2018-09-04,399439.SZ,国证石油天然气指数,513100,纳指ETF国泰,risk_to_risk_rotation,top_ranked_risk_asset,513100
2018-09-07,513100,纳指ETF国泰,399439.SZ,国证石油天然气指数,risk_to_risk_rotation,top_ranked_risk_asset,399439.SZ
2018-09-10,399439.SZ,国证石油天然气指数,511880,银华日利ETF,risk_to_defensive_fallback,fallback_defensive_asset,
2018-09-13,511880,银华日利ETF,399439.SZ,国证石油天然气指数,defensive_to_risk_reentry,top_ranked_risk_asset,399439.SZ
2018-09-30,399439.SZ,国证石油天然气指数,513100,纳指ETF国泰,risk_to_risk_rotation,top_ranked_risk_asset,513100
2018-10-08,513100,纳指ETF国泰,399439.SZ,国证石油天然气指数,risk_to_risk_rotation,top_ranked_risk_asset,399439.SZ
2018-10-11,399439.SZ,国证石油天然气指数,159934,黄金ETF易方达,risk_to_risk_rotation,top_ranked_risk_asset,159934
2018-10-31,159934,黄金ETF易方达,511880,银华日利ETF,risk_to_defensive_fallback,fallback_defensive_asset,
2018-11-01,511880,银华日利ETF,159934,黄金ETF易方达,defensive_to_risk_reentry,top_ranked_risk_asset,159934
2018-11-06,159934,黄金ETF易方达,511880,银华日利ETF,risk_to_defensive_fallback,fallback_defensive_asset,
2018-11-12,511880,银华日利ETF,980080.CN,国证成长100指数,defensive_to_risk_reentry,top_ranked_risk_asset,980080.CN
2018-11-21,980080.CN,国证成长100指数,980081.CNI,国证价值100指数,risk_to_risk_rotation,top_ranked_risk_asset,980081.CNI
2018-11-22,980081.CNI,国证价值100指数,980080.CN,国证成长100指数,risk_to_risk_rotation,top_ranked_risk_asset,980080.CN
2018-11-23,980080.CN,国证成长100指数,511880,银华日利ETF,risk_to_defensive_fallback,fallback_defensive_asset,
2018-12-03,511880,银华日利ETF,159934,黄金ETF易方达,defensive_to_risk_reentry,top_ranked_risk_asset,159934
2018-12-04,159934,黄金ETF易方达,511880,银华日利ETF,risk_to_defensive_fallback,fallback_defensive_asset,
2018-12-06,511880,银华日利ETF,159934,黄金ETF易方达,defensive_to_risk_reentry,top_ranked_risk_asset,159934
2019-01-10,159934,黄金ETF易方达,511880,银华日利ETF,risk_to_defensive_fallback,fallback_defensive_asset,
2019-01-11,511880,银华日利ETF,159934,黄金ETF易方达,defensive_to_risk_reentry,top_ranked_risk_asset,159934
2019-01-14,159934,黄金ETF易方达,511880,银华日利ETF,risk_to_defensive_fallback,fallback_defensive_asset,
2019-01-16,511880,银华日利ETF,513100,纳指ETF国泰,defensive_to_risk_reentry,top_ranked_risk_asset,513100
2019-01-23,513100,纳指ETF国泰,980081.CNI,国证价值100指数,risk_to_risk_rotation,top_ranked_risk_asset,980081.CNI
2019-01-24,980081.CNI,国证价值100指数,513100,纳指ETF国泰,risk_to_risk_rotation,top_ranked_risk_asset,513100
2019-01-29,513100,纳指ETF国泰,980081.CNI,国证价值100指数,risk_to_risk_rotation,top_ranked_risk_asset,980081.CNI
2019-02-22,980081.CNI,国证价值100指数,980080.CN,国证成长100指数,risk_to_risk_rotation,top_ranked_risk_asset,980080.CN
2019-03-26,980080.CN,国证成长100指数,980081.CNI,国证价值100指数,risk_to_risk_rotation,top_ranked_risk_asset,980081.CNI
2019-03-27,980081.CNI,国证价值100指数,980080.CN,国证成长100指数,risk_to_risk_rotation,top_ranked_risk_asset,980080.CN
2019-03-31,980080.CN,国证成长100指数,513100,纳指ETF国泰,risk_to_risk_rotation,top_ranked_risk_asset,513100
2019-04-01,513100,纳指ETF国泰,980080.CN,国证成长100指数,risk_to_risk_rotation,top_ranked_risk_asset,980080.CN
2019-04-12,980080.CN,国证成长100指数,980081.CNI,国证价值100指数,risk_to_risk_rotation,top_ranked_risk_asset,980081.CNI
2019-04-22,980081.CNI,国证价值100指数,513100,纳指ETF国泰,risk_to_risk_rotation,top_ranked_risk_asset,513100
2019-05-08,513100,纳指ETF国泰,511880,银华日利ETF,risk_to_defensive_fallback,fallback_defensive_asset,
2019-05-13,511880,银华日利ETF,159934,黄金ETF易方达,defensive_to_risk_reentry,top_ranked_risk_asset,159934
2019-05-28,159934,黄金ETF易方达,511880,银华日利ETF,risk_to_defensive_fallback,fallback_defensive_asset,
2019-05-29,511880,银华日利ETF,159934,黄金ETF易方达,defensive_to_risk_reentry,top_ranked_risk_asset,159934
2019-05-30,159934,黄金ETF易方达,511880,银华日利ETF,risk_to_defensive_fallback,fallback_defensive_asset,
2019-05-31,511880,银华日利ETF,159934,黄金ETF易方达,defensive_to_risk_reentry,top_ranked_risk_asset,159934
2019-07-04,159934,黄金ETF易方达,980080.CN,国证成长100指数,risk_to_risk_rotation,top_ranked_risk_asset,980080.CN
2019-07-08,980080.CN,国证成长100指数,513100,纳指ETF国泰,risk_to_risk_rotation,top_ranked_risk_asset,513100
2019-07-09,513100,纳指ETF国泰,980080.CN,国证成长100指数,risk_to_risk_rotation,top_ranked_risk_asset,980080.CN
2019-07-10,980080.CN,国证成长100指数,513100,纳指ETF国泰,risk_to_risk_rotation,top_ranked_risk_asset,513100
2019-07-19,513100,纳指ETF国泰,159934,黄金ETF易方达,risk_to_risk_rotation,top_ranked_risk_asset,159934
2019-07-22,159934,黄金ETF易方达,513100,纳指ETF国泰,risk_to_risk_rotation,top_ranked_risk_asset,513100
2019-07-31,513100,纳指ETF国泰,159934,黄金ETF易方达,risk_to_risk_rotation,top_ranked_risk_asset,159934
2019-08-01,159934,黄金ETF易方达,980080.CN,国证成长100指数,risk_to_risk_rotation,top_ranked_risk_asset,980080.CN
2019-08-02,980080.CN,国证成长100指数,159934,黄金ETF易方达,risk_to_risk_rotation,top_ranked_risk_asset,159934
2019-08-23,159934,黄金ETF易方达,980080.CN,国证成长100指数,risk_to_risk_rotation,top_ranked_risk_asset,980080.CN
2019-08-26,980080.CN,国证成长100指数,159934,黄金ETF易方达,risk_to_risk_rotation,top_ranked_risk_asset,159934
2019-09-04,159934,黄金ETF易方达,980080.CN,国证成长100指数,risk_to_risk_rotation,top_ranked_risk_asset,980080.CN
2019-09-24,980080.CN,国证成长100指数,511880,银华日利ETF,risk_to_defensive_fallback,fallback_defensive_asset,
2019-10-21,511880,银华日利ETF,513100,纳指ETF国泰,defensive_to_risk_reentry,top_ranked_risk_asset,513100
2019-12-03,513100,纳指ETF国泰,980081.CNI,国证价值100指数,risk_to_risk_rotation,top_ranked_risk_asset,980081.CNI
2019-12-04,980081.CNI,国证价值100指数,513100,纳指ETF国泰,risk_to_risk_rotation,top_ranked_risk_asset,513100
2019-12-09,513100,纳指ETF国泰,980081.CNI,国证价值100指数,risk_to_risk_rotation,top_ranked_risk_asset,980081.CNI
2020-01-13,980081.CNI,国证价值100指数,980080.CN,国证成长100指数,risk_to_risk_rotation,top_ranked_risk_asset,980080.CN
2020-01-23,980080.CN,国证成长100指数,513100,纳指ETF国泰,risk_to_risk_rotation,top_ranked_risk_asset,513100
2020-02-24,513100,纳指ETF国泰,980080.CN,国证成长100指数,risk_to_risk_rotation,top_ranked_risk_asset,980080.CN
2020-03-09,980080.CN,国证成长100指数,399439.SZ,国证石油天然气指数,risk_to_risk_rotation,top_ranked_risk_asset,399439.SZ
2020-03-10,399439.SZ,国证石油天然气指数,980081.CNI,国证价值100指数,risk_to_risk_rotation,top_ranked_risk_asset,980081.CNI
2020-03-11,980081.CNI,国证价值100指数,399439.SZ,国证石油天然气指数,risk_to_risk_rotation,top_ranked_risk_asset,399439.SZ
2020-03-13,399439.SZ,国证石油天然气指数,511880,银华日利ETF,risk_to_defensive_fallback,fallback_defensive_asset,
2020-04-07,511880,银华日利ETF,159934,黄金ETF易方达,defensive_to_risk_reentry,top_ranked_risk_asset,159934
2020-04-10,159934,黄金ETF易方达,513100,纳指ETF国泰,risk_to_risk_rotation,top_ranked_risk_asset,513100
2020-05-19,513100,纳指ETF国泰,980080.CN,国证成长100指数,risk_to_risk_rotation,top_ranked_risk_asset,980080.CN
2020-05-21,980080.CN,国证成长100指数,513100,纳指ETF国泰,risk_to_risk_rotation,top_ranked_risk_asset,513100
2020-06-19,513100,纳指ETF国泰,980080.CN,国证成长100指数,risk_to_risk_rotation,top_ranked_risk_asset,980080.CN
2020-07-23,980080.CN,国证成长100指数,159934,黄金ETF易方达,risk_to_risk_rotation,top_ranked_risk_asset,159934
2020-08-12,159934,黄金ETF易方达,513100,纳指ETF国泰,risk_to_risk_rotation,top_ranked_risk_asset,513100
2020-09-04,513100,纳指ETF国泰,511880,银华日利ETF,risk_to_defensive_fallback,fallback_defensive_asset,
2020-09-08,511880,银华日利ETF,980081.CNI,国证价值100指数,defensive_to_risk_reentry,top_ranked_risk_asset,980081.CNI
2020-09-09,980081.CNI,国证价值100指数,511880,银华日利ETF,risk_to_defensive_fallback,fallback_defensive_asset,
2020-10-14,511880,银华日利ETF,513100,纳指ETF国泰,defensive_to_risk_reentry,top_ranked_risk_asset,513100
2020-10-19,513100,纳指ETF国泰,980080.CN,国证成长100指数,risk_to_risk_rotation,top_ranked_risk_asset,980080.CN
2020-10-23,980080.CN,国证成长100指数,399439.SZ,国证石油天然气指数,risk_to_risk_rotation,top_ranked_risk_asset,399439.SZ
2020-10-26,399439.SZ,国证石油天然气指数,511880,银华日利ETF,risk_to_defensive_fallback,fallback_defensive_asset,
2020-11-04,511880,银华日利ETF,980081.CNI,国证价值100指数,defensive_to_risk_reentry,top_ranked_risk_asset,980081.CNI
2020-12-01,980081.CNI,国证价值100指数,399439.SZ,国证石油天然气指数,risk_to_risk_rotation,top_ranked_risk_asset,399439.SZ
2020-12-07,399439.SZ,国证石油天然气指数,513100,纳指ETF国泰,risk_to_risk_rotation,top_ranked_risk_asset,513100
2020-12-25,513100,纳指ETF国泰,980080.CN,国证成长100指数,risk_to_risk_rotation,top_ranked_risk_asset,980080.CN
2021-01-28,980080.CN,国证成长100指数,513100,纳指ETF国泰,risk_to_risk_rotation,top_ranked_risk_asset,513100
2021-02-02,513100,纳指ETF国泰,980080.CN,国证成长100指数,risk_to_risk_rotation,top_ranked_risk_asset,980080.CN
2021-02-03,980080.CN,国证成长100指数,513100,纳指ETF国泰,risk_to_risk_rotation,top_ranked_risk_asset,513100
2021-02-22,513100,纳指ETF国泰,399439.SZ,国证石油天然气指数,risk_to_risk_rotation,top_ranked_risk_asset,399439.SZ
2021-03-08,399439.SZ,国证石油天然气指数,511880,银华日利ETF,risk_to_defensive_fallback,fallback_defensive_asset,
2021-03-12,511880,银华日利ETF,399439.SZ,国证石油天然气指数,defensive_to_risk_reentry,top_ranked_risk_asset,399439.SZ
2021-03-16,399439.SZ,国证石油天然气指数,980081.CNI,国证价值100指数,risk_to_risk_rotation,top_ranked_risk_asset,980081.CNI
2021-03-17,980081.CNI,国证价值100指数,399439.SZ,国证石油天然气指数,risk_to_risk_rotation,top_ranked_risk_asset,399439.SZ
2021-03-18,399439.SZ,国证石油天然气指数,980081.CNI,国证价值100指数,risk_to_risk_rotation,top_ranked_risk_asset,980081.CNI
2021-03-25,980081.CNI,国证价值100指数,511880,银华日利ETF,risk_to_defensive_fallback,fallback_defensive_asset,
2021-03-26,511880,银华日利ETF,513100,纳指ETF国泰,defensive_to_risk_reentry,top_ranked_risk_asset,513100
2021-03-29,513100,纳指ETF国泰,511880,银华日利ETF,risk_to_defensive_fallback,fallback_defensive_asset,
2021-03-31,511880,银华日利ETF,513100,纳指ETF国泰,defensive_to_risk_reentry,top_ranked_risk_asset,513100
2021-04-22,513100,纳指ETF国泰,980080.CN,国证成长100指数,risk_to_risk_rotation,top_ranked_risk_asset,980080.CN
2021-04-26,980080.CN,国证成长100指数,513100,纳指ETF国泰,risk_to_risk_rotation,top_ranked_risk_asset,513100
2021-04-27,513100,纳指ETF国泰,980080.CN,国证成长100指数,risk_to_risk_rotation,top_ranked_risk_asset,980080.CN
2021-05-13,980080.CN,国证成长100指数,159934,黄金ETF易方达,risk_to_risk_rotation,top_ranked_risk_asset,159934
2021-05-17,159934,黄金ETF易方达,399439.SZ,国证石油天然气指数,risk_to_risk_rotation,top_ranked_risk_asset,399439.SZ
2021-05-24,399439.SZ,国证石油天然气指数,159934,黄金ETF易方达,risk_to_risk_rotation,top_ranked_risk_asset,159934
2021-05-25,159934,黄金ETF易方达,399439.SZ,国证石油天然气指数,risk_to_risk_rotation,top_ranked_risk_asset,399439.SZ
2021-05-26,399439.SZ,国证石油天然气指数,159934,黄金ETF易方达,risk_to_risk_rotation,top_ranked_risk_asset,159934
2021-05-28,159934,黄金ETF易方达,399439.SZ,国证石油天然气指数,risk_to_risk_rotation,top_ranked_risk_asset,399439.SZ
2021-05-31,399439.SZ,国证石油天然气指数,159934,黄金ETF易方达,risk_to_risk_rotation,top_ranked_risk_asset,159934
2021-06-02,159934,黄金ETF易方达,980080.CN,国证成长100指数,risk_to_risk_rotation,top_ranked_risk_asset,980080.CN
2021-06-16,980080.CN,国证成长100指数,513100,纳指ETF国泰,risk_to_risk_rotation,top_ranked_risk_asset,513100
2021-06-17,513100,纳指ETF国泰,980080.CN,国证成长100指数,risk_to_risk_rotation,top_ranked_risk_asset,980080.CN
2021-07-27,980080.CN,国证成长100指数,513100,纳指ETF国泰,risk_to_risk_rotation,top_ranked_risk_asset,513100
2021-07-29,513100,纳指ETF国泰,980080.CN,国证成长100指数,risk_to_risk_rotation,top_ranked_risk_asset,980080.CN
2021-08-05,980080.CN,国证成长100指数,513100,纳指ETF国泰,risk_to_risk_rotation,top_ranked_risk_asset,513100
2021-08-06,513100,纳指ETF国泰,980080.CN,国证成长100指数,risk_to_risk_rotation,top_ranked_risk_asset,980080.CN
2021-08-09,980080.CN,国证成长100指数,513100,纳指ETF国泰,risk_to_risk_rotation,top_ranked_risk_asset,513100
2021-08-10,513100,纳指ETF国泰,980080.CN,国证成长100指数,risk_to_risk_rotation,top_ranked_risk_asset,980080.CN
2021-08-12,980080.CN,国证成长100指数,399439.SZ,国证石油天然气指数,risk_to_risk_rotation,top_ranked_risk_asset,399439.SZ
2021-09-29,399439.SZ,国证石油天然气指数,511880,银华日利ETF,risk_to_defensive_fallback,fallback_defensive_asset,
2021-10-27,511880,银华日利ETF,513100,纳指ETF国泰,defensive_to_risk_reentry,top_ranked_risk_asset,513100
2021-11-26,513100,纳指ETF国泰,511880,银华日利ETF,risk_to_defensive_fallback,fallback_defensive_asset,
2021-11-29,511880,银华日利ETF,513100,纳指ETF国泰,defensive_to_risk_reentry,top_ranked_risk_asset,513100
2021-11-30,513100,纳指ETF国泰,399439.SZ,国证石油天然气指数,risk_to_risk_rotation,top_ranked_risk_asset,399439.SZ
2021-12-07,399439.SZ,国证石油天然气指数,980081.CNI,国证价值100指数,risk_to_risk_rotation,top_ranked_risk_asset,980081.CNI
2021-12-30,980081.CNI,国证价值100指数,513100,纳指ETF国泰,risk_to_risk_rotation,top_ranked_risk_asset,513100
2021-12-31,513100,纳指ETF国泰,980081.CNI,国证价值100指数,risk_to_risk_rotation,top_ranked_risk_asset,980081.CNI
2022-01-21,980081.CNI,国证价值100指数,159934,黄金ETF易方达,risk_to_risk_rotation,top_ranked_risk_asset,159934
2022-01-27,159934,黄金ETF易方达,511880,银华日利ETF,risk_to_defensive_fallback,fallback_defensive_asset,
2022-02-07,511880,银华日利ETF,980081.CNI,国证价值100指数,defensive_to_risk_reentry,top_ranked_risk_asset,980081.CNI
2022-02-08,980081.CNI,国证价值100指数,159934,黄金ETF易方达,risk_to_risk_rotation,top_ranked_risk_asset,159934
2022-02-10,159934,黄金ETF易方达,980081.CNI,国证价值100指数,risk_to_risk_rotation,top_ranked_risk_asset,980081.CNI
2022-02-14,980081.CNI,国证价值100指数,159934,黄金ETF易方达,risk_to_risk_rotation,top_ranked_risk_asset,159934
2022-03-01,159934,黄金ETF易方达,399439.SZ,国证石油天然气指数,risk_to_risk_rotation,top_ranked_risk_asset,399439.SZ
2022-03-09,399439.SZ,国证石油天然气指数,159934,黄金ETF易方达,risk_to_risk_rotation,top_ranked_risk_asset,159934
2022-03-16,159934,黄金ETF易方达,511880,银华日利ETF,risk_to_defensive_fallback,fallback_defensive_asset,
2022-03-17,511880,银华日利ETF,159934,黄金ETF易方达,defensive_to_risk_reentry,top_ranked_risk_asset,159934
2022-03-21,159934,黄金ETF易方达,511880,银华日利ETF,risk_to_defensive_fallback,fallback_defensive_asset,
2022-03-22,511880,银华日利ETF,513100,纳指ETF国泰,defensive_to_risk_reentry,top_ranked_risk_asset,513100
2022-04-07,513100,纳指ETF国泰,980081.CNI,国证价值100指数,risk_to_risk_rotation,top_ranked_risk_asset,980081.CNI
2022-04-20,980081.CNI,国证价值100指数,159934,黄金ETF易方达,risk_to_risk_rotation,top_ranked_risk_asset,159934
2022-04-26,159934,黄金ETF易方达,511880,银华日利ETF,risk_to_defensive_fallback,fallback_defensive_asset,
2022-04-29,511880,银华日利ETF,159934,黄金ETF易方达,defensive_to_risk_reentry,top_ranked_risk_asset,159934
2022-05-05,159934,黄金ETF易方达,511880,银华日利ETF,risk_to_defensive_fallback,fallback_defensive_asset,
2022-05-09,511880,银华日利ETF,159934,黄金ETF易方达,defensive_to_risk_reentry,top_ranked_risk_asset,159934
2022-05-10,159934,黄金ETF易方达,511880,银华日利ETF,risk_to_defensive_fallback,fallback_defensive_asset,
2022-05-18,511880,银华日利ETF,980080.CN,国证成长100指数,defensive_to_risk_reentry,top_ranked_risk_asset,980080.CN
2022-06-13,980080.CN,国证成长100指数,399439.SZ,国证石油天然气指数,risk_to_risk_rotation,top_ranked_risk_asset,399439.SZ
2022-06-17,399439.SZ,国证石油天然气指数,980080.CN,国证成长100指数,risk_to_risk_rotation,top_ranked_risk_asset,980080.CN
2022-07-11,980080.CN,国证成长100指数,511880,银华日利ETF,risk_to_defensive_fallback,fallback_defensive_asset,
2022-07-12,511880,银华日利ETF,513100,纳指ETF国泰,defensive_to_risk_reentry,top_ranked_risk_asset,513100
2022-08-22,513100,纳指ETF国泰,399439.SZ,国证石油天然气指数,risk_to_risk_rotation,top_ranked_risk_asset,399439.SZ
2022-09-08,399439.SZ,国证石油天然气指数,980081.CNI,国证价值100指数,risk_to_risk_rotation,top_ranked_risk_asset,980081.CNI
2022-09-09,980081.CNI,国证价值100指数,399439.SZ,国证石油天然气指数,risk_to_risk_rotation,top_ranked_risk_asset,399439.SZ
2022-09-13,399439.SZ,国证石油天然气指数,980081.CNI,国证价值100指数,risk_to_risk_rotation,top_ranked_risk_asset,980081.CNI
2022-09-14,980081.CNI,国证价值100指数,399439.SZ,国证石油天然气指数,risk_to_risk_rotation,top_ranked_risk_asset,399439.SZ
2022-09-15,399439.SZ,国证石油天然气指数,980081.CNI,国证价值100指数,risk_to_risk_rotation,top_ranked_risk_asset,980081.CNI
2022-09-16,980081.CNI,国证价值100指数,511880,银华日利ETF,risk_to_defensive_fallback,fallback_defensive_asset,
2022-10-10,511880,银华日利ETF,159934,黄金ETF易方达,defensive_to_risk_reentry,top_ranked_risk_asset,159934
2022-10-20,159934,黄金ETF易方达,511880,银华日利ETF,risk_to_defensive_fallback,fallback_defensive_asset,
2022-10-24,511880,银华日利ETF,159934,黄金ETF易方达,defensive_to_risk_reentry,top_ranked_risk_asset,159934
2022-11-01,159934,黄金ETF易方达,513100,纳指ETF国泰,risk_to_risk_rotation,top_ranked_risk_asset,513100
2022-11-02,513100,纳指ETF国泰,159934,黄金ETF易方达,risk_to_risk_rotation,top_ranked_risk_asset,159934
2022-11-07,159934,黄金ETF易方达,980080.CN,国证成长100指数,risk_to_risk_rotation,top_ranked_risk_asset,980080.CN
2022-11-14,980080.CN,国证成长100指数,159934,黄金ETF易方达,risk_to_risk_rotation,top_ranked_risk_asset,159934
2022-11-25,159934,黄金ETF易方达,980081.CNI,国证价值100指数,risk_to_risk_rotation,top_ranked_risk_asset,980081.CNI
2022-12-13,980081.CNI,国证价值100指数,511880,银华日利ETF,risk_to_defensive_fallback,fallback_defensive_asset,
2022-12-16,511880,银华日利ETF,980081.CNI,国证价值100指数,defensive_to_risk_reentry,top_ranked_risk_asset,980081.CNI
2022-12-19,980081.CNI,国证价值100指数,511880,银华日利ETF,risk_to_defensive_fallback,fallback_defensive_asset,
2022-12-22,511880,银华日利ETF,159934,黄金ETF易方达,defensive_to_risk_reentry,top_ranked_risk_asset,159934
2022-12-28,159934,黄金ETF易方达,511880,银华日利ETF,risk_to_defensive_fallback,fallback_defensive_asset,
2022-12-29,511880,银华日利ETF,159934,黄金ETF易方达,defensive_to_risk_reentry,top_ranked_risk_asset,159934
2023-01-13,159934,黄金ETF易方达,980080.CN,国证成长100指数,risk_to_risk_rotation,top_ranked_risk_asset,980080.CN
2023-02-06,980080.CN,国证成长100指数,513100,纳指ETF国泰,risk_to_risk_rotation,top_ranked_risk_asset,513100
2023-02-16,513100,纳指ETF国泰,511880,银华日利ETF,risk_to_defensive_fallback,fallback_defensive_asset,
2023-02-17,511880,银华日利ETF,399439.SZ,国证石油天然气指数,defensive_to_risk_reentry,top_ranked_risk_asset,399439.SZ
2023-02-20,399439.SZ,国证石油天然气指数,513100,纳指ETF国泰,risk_to_risk_rotation,top_ranked_risk_asset,513100
2023-02-21,513100,纳指ETF国泰,399439.SZ,国证石油天然气指数,risk_to_risk_rotation,top_ranked_risk_asset,399439.SZ
2023-02-28,399439.SZ,国证石油天然气指数,980081.CNI,国证价值100指数,risk_to_risk_rotation,top_ranked_risk_asset,980081.CNI
2023-03-10,980081.CNI,国证价值100指数,159934,黄金ETF易方达,risk_to_risk_rotation,top_ranked_risk_asset,159934
2023-03-13,159934,黄金ETF易方达,980081.CNI,国证价值100指数,risk_to_risk_rotation,top_ranked_risk_asset,980081.CNI
2023-03-14,980081.CNI,国证价值100指数,159934,黄金ETF易方达,risk_to_risk_rotation,top_ranked_risk_asset,159934
2023-04-03,159934,黄金ETF易方达,513100,纳指ETF国泰,risk_to_risk_rotation,top_ranked_risk_asset,513100
2023-04-17,513100,纳指ETF国泰,399439.SZ,国证石油天然气指数,risk_to_risk_rotation,top_ranked_risk_asset,399439.SZ
2023-04-27,399439.SZ,国证石油天然气指数,980081.CNI,国证价值100指数,risk_to_risk_rotation,top_ranked_risk_asset,980081.CNI
2023-05-17,980081.CNI,国证价值100指数,513100,纳指ETF国泰,risk_to_risk_rotation,top_ranked_risk_asset,513100
2023-07-19,513100,纳指ETF国泰,399439.SZ,国证石油天然气指数,risk_to_risk_rotation,top_ranked_risk_asset,399439.SZ
2023-07-27,399439.SZ,国证石油天然气指数,159934,黄金ETF易方达,risk_to_risk_rotation,top_ranked_risk_asset,159934
2023-07-31,159934,黄金ETF易方达,513100,纳指ETF国泰,risk_to_risk_rotation,top_ranked_risk_asset,513100
2023-08-01,513100,纳指ETF国泰,980081.CNI,国证价值100指数,risk_to_risk_rotation,top_ranked_risk_asset,980081.CNI
2023-08-11,980081.CNI,国证价值100指数,511880,银华日利ETF,risk_to_defensive_fallback,fallback_defensive_asset,
2023-08-24,511880,银华日利ETF,159934,黄金ETF易方达,defensive_to_risk_reentry,top_ranked_risk_asset,159934
2023-09-19,159934,黄金ETF易方达,399439.SZ,国证石油天然气指数,risk_to_risk_rotation,top_ranked_risk_asset,399439.SZ
2023-09-21,399439.SZ,国证石油天然气指数,159934,黄金ETF易方达,risk_to_risk_rotation,top_ranked_risk_asset,159934
2023-09-22,159934,黄金ETF易方达,399439.SZ,国证石油天然气指数,risk_to_risk_rotation,top_ranked_risk_asset,399439.SZ
2023-09-25,399439.SZ,国证石油天然气指数,159934,黄金ETF易方达,risk_to_risk_rotation,top_ranked_risk_asset,159934
2023-09-27,159934,黄金ETF易方达,511880,银华日利ETF,risk_to_defensive_fallback,fallback_defensive_asset,
2023-10-26,511880,银华日利ETF,159934,黄金ETF易方达,defensive_to_risk_reentry,top_ranked_risk_asset,159934
2023-11-07,159934,黄金ETF易方达,511880,银华日利ETF,risk_to_defensive_fallback,fallback_defensive_asset,
2023-11-09,511880,银华日利ETF,513100,纳指ETF国泰,defensive_to_risk_reentry,top_ranked_risk_asset,513100
2023-11-30,513100,纳指ETF国泰,980081.CNI,国证价值100指数,risk_to_risk_rotation,top_ranked_risk_asset,980081.CNI
2023-12-01,980081.CNI,国证价值100指数,513100,纳指ETF国泰,risk_to_risk_rotation,top_ranked_risk_asset,513100
2023-12-04,513100,纳指ETF国泰,980081.CNI,国证价值100指数,risk_to_risk_rotation,top_ranked_risk_asset,980081.CNI
2023-12-05,980081.CNI,国证价值100指数,159934,黄金ETF易方达,risk_to_risk_rotation,top_ranked_risk_asset,159934
2023-12-06,159934,黄金ETF易方达,980081.CNI,国证价值100指数,risk_to_risk_rotation,top_ranked_risk_asset,980081.CNI
2023-12-07,980081.CNI,国证价值100指数,513100,纳指ETF国泰,risk_to_risk_rotation,top_ranked_risk_asset,513100
2024-01-02,513100,纳指ETF国泰,159934,黄金ETF易方达,risk_to_risk_rotation,top_ranked_risk_asset,159934
2024-01-08,159934,黄金ETF易方达,980081.CNI,国证价值100指数,risk_to_risk_rotation,top_ranked_risk_asset,980081.CNI
2024-01-17,980081.CNI,国证价值100指数,513100,纳指ETF国泰,risk_to_risk_rotation,top_ranked_risk_asset,513100
2024-02-19,513100,纳指ETF国泰,980081.CNI,国证价值100指数,risk_to_risk_rotation,top_ranked_risk_asset,980081.CNI
2024-03-01,980081.CNI,国证价值100指数,980080.CN,国证成长100指数,risk_to_risk_rotation,top_ranked_risk_asset,980080.CN
2024-03-25,980080.CN,国证成长100指数,159934,黄金ETF易方达,risk_to_risk_rotation,top_ranked_risk_asset,159934
2024-03-26,159934,黄金ETF易方达,980080.CN,国证成长100指数,risk_to_risk_rotation,top_ranked_risk_asset,980080.CN
2024-03-27,980080.CN,国证成长100指数,159934,黄金ETF易方达,risk_to_risk_rotation,top_ranked_risk_asset,159934
2024-04-23,159934,黄金ETF易方达,980081.CNI,国证价值100指数,risk_to_risk_rotation,top_ranked_risk_asset,980081.CNI
2024-05-21,980081.CNI,国证价值100指数,513100,纳指ETF国泰,risk_to_risk_rotation,top_ranked_risk_asset,513100
2024-05-30,513100,纳指ETF国泰,399439.SZ,国证石油天然气指数,risk_to_risk_rotation,top_ranked_risk_asset,399439.SZ
2024-05-31,399439.SZ,国证石油天然气指数,511880,银华日利ETF,risk_to_defensive_fallback,fallback_defensive_asset,
2024-06-05,511880,银华日利ETF,513100,纳指ETF国泰,defensive_to_risk_reentry,top_ranked_risk_asset,513100
2024-06-30,513100,纳指ETF国泰,511880,银华日利ETF,risk_to_defensive_fallback,fallback_defensive_asset,
2024-07-02,511880,银华日利ETF,513100,纳指ETF国泰,defensive_to_risk_reentry,top_ranked_risk_asset,513100
2024-07-17,513100,纳指ETF国泰,159934,黄金ETF易方达,risk_to_risk_rotation,top_ranked_risk_asset,159934
2024-07-25,159934,黄金ETF易方达,511880,银华日利ETF,risk_to_defensive_fallback,fallback_defensive_asset,
2024-08-02,511880,银华日利ETF,159934,黄金ETF易方达,defensive_to_risk_reentry,top_ranked_risk_asset,159934
2024-08-05,159934,黄金ETF易方达,511880,银华日利ETF,risk_to_defensive_fallback,fallback_defensive_asset,
2024-08-20,511880,银华日利ETF,159934,黄金ETF易方达,defensive_to_risk_reentry,top_ranked_risk_asset,159934
2024-08-27,159934,黄金ETF易方达,513100,纳指ETF国泰,risk_to_risk_rotation,top_ranked_risk_asset,513100
2024-08-29,513100,纳指ETF国泰,159934,黄金ETF易方达,risk_to_risk_rotation,top_ranked_risk_asset,159934
2024-09-02,159934,黄金ETF易方达,511880,银华日利ETF,risk_to_defensive_fallback,fallback_defensive_asset,
2024-09-06,511880,银华日利ETF,159934,黄金ETF易方达,defensive_to_risk_reentry,top_ranked_risk_asset,159934
2024-09-09,159934,黄金ETF易方达,511880,银华日利ETF,risk_to_defensive_fallback,fallback_defensive_asset,
2024-09-11,511880,银华日利ETF,159934,黄金ETF易方达,defensive_to_risk_reentry,top_ranked_risk_asset,159934
2024-09-12,159934,黄金ETF易方达,511880,银华日利ETF,risk_to_defensive_fallback,fallback_defensive_asset,
2024-09-13,511880,银华日利ETF,159934,黄金ETF易方达,defensive_to_risk_reentry,top_ranked_risk_asset,159934
2024-09-27,159934,黄金ETF易方达,980081.CNI,国证价值100指数,risk_to_risk_rotation,top_ranked_risk_asset,980081.CNI
2024-10-09,980081.CNI,国证价值100指数,980080.CN,国证成长100指数,risk_to_risk_rotation,top_ranked_risk_asset,980080.CN
2024-10-22,980080.CN,国证成长100指数,159934,黄金ETF易方达,risk_to_risk_rotation,top_ranked_risk_asset,159934
2024-10-23,159934,黄金ETF易方达,399439.SZ,国证石油天然气指数,risk_to_risk_rotation,top_ranked_risk_asset,399439.SZ
2024-10-24,399439.SZ,国证石油天然气指数,980080.CN,国证成长100指数,risk_to_risk_rotation,top_ranked_risk_asset,980080.CN
2024-11-01,980080.CN,国证成长100指数,159934,黄金ETF易方达,risk_to_risk_rotation,top_ranked_risk_asset,159934
2024-11-04,159934,黄金ETF易方达,399439.SZ,国证石油天然气指数,risk_to_risk_rotation,top_ranked_risk_asset,399439.SZ
2024-11-05,399439.SZ,国证石油天然气指数,511880,银华日利ETF,risk_to_defensive_fallback,fallback_defensive_asset,
2024-11-06,511880,银华日利ETF,980080.CN,国证成长100指数,defensive_to_risk_reentry,top_ranked_risk_asset,980080.CN
2024-11-07,980080.CN,国证成长100指数,513100,纳指ETF国泰,risk_to_risk_rotation,top_ranked_risk_asset,513100
2024-11-13,513100,纳指ETF国泰,980080.CN,国证成长100指数,risk_to_risk_rotation,top_ranked_risk_asset,980080.CN
2024-11-15,980080.CN,国证成长100指数,513100,纳指ETF国泰,risk_to_risk_rotation,top_ranked_risk_asset,513100
2024-11-21,513100,纳指ETF国泰,511880,银华日利ETF,risk_to_defensive_fallback,fallback_defensive_asset,
2024-11-29,511880,银华日利ETF,513100,纳指ETF国泰,defensive_to_risk_reentry,top_ranked_risk_asset,513100
2024-12-18,513100,纳指ETF国泰,159934,黄金ETF易方达,risk_to_risk_rotation,top_ranked_risk_asset,159934
2024-12-19,159934,黄金ETF易方达,980081.CNI,国证价值100指数,risk_to_risk_rotation,top_ranked_risk_asset,980081.CNI
2024-12-20,980081.CNI,国证价值100指数,980080.CN,国证成长100指数,risk_to_risk_rotation,top_ranked_risk_asset,980080.CN
2025-01-02,980080.CN,国证成长100指数,159934,黄金ETF易方达,risk_to_risk_rotation,top_ranked_risk_asset,159934
2025-01-06,159934,黄金ETF易方达,980081.CNI,国证价值100指数,risk_to_risk_rotation,top_ranked_risk_asset,980081.CNI
2025-01-07,980081.CNI,国证价值100指数,159934,黄金ETF易方达,risk_to_risk_rotation,top_ranked_risk_asset,159934
2025-02-12,159934,黄金ETF易方达,980080.CN,国证成长100指数,risk_to_risk_rotation,top_ranked_risk_asset,980080.CN
2025-02-13,980080.CN,国证成长100指数,159934,黄金ETF易方达,risk_to_risk_rotation,top_ranked_risk_asset,159934
2025-02-26,159934,黄金ETF易方达,980080.CN,国证成长100指数,risk_to_risk_rotation,top_ranked_risk_asset,980080.CN
2025-03-03,980080.CN,国证成长100指数,511880,银华日利ETF,risk_to_defensive_fallback,fallback_defensive_asset,
2025-03-06,511880,银华日利ETF,980080.CN,国证成长100指数,defensive_to_risk_reentry,top_ranked_risk_asset,980080.CN
2025-03-07,980080.CN,国证成长100指数,511880,银华日利ETF,risk_to_defensive_fallback,fallback_defensive_asset,
2025-03-11,511880,银华日利ETF,980081.CNI,国证价值100指数,defensive_to_risk_reentry,top_ranked_risk_asset,980081.CNI
2025-03-28,980081.CNI,国证价值100指数,159934,黄金ETF易方达,risk_to_risk_rotation,top_ranked_risk_asset,159934
2025-04-30,159934,黄金ETF易方达,513100,纳指ETF国泰,risk_to_risk_rotation,top_ranked_risk_asset,513100
2025-05-06,513100,纳指ETF国泰,159934,黄金ETF易方达,risk_to_risk_rotation,top_ranked_risk_asset,159934
2025-05-08,159934,黄金ETF易方达,513100,纳指ETF国泰,risk_to_risk_rotation,top_ranked_risk_asset,513100
2025-05-26,513100,纳指ETF国泰,980081.CNI,国证价值100指数,risk_to_risk_rotation,top_ranked_risk_asset,980081.CNI
2025-05-27,980081.CNI,国证价值100指数,513100,纳指ETF国泰,risk_to_risk_rotation,top_ranked_risk_asset,513100
2025-05-28,513100,纳指ETF国泰,511880,银华日利ETF,risk_to_defensive_fallback,fallback_defensive_asset,
2025-05-29,511880,银华日利ETF,513100,纳指ETF国泰,defensive_to_risk_reentry,top_ranked_risk_asset,513100
2025-05-30,513100,纳指ETF国泰,980081.CNI,国证价值100指数,risk_to_risk_rotation,top_ranked_risk_asset,980081.CNI
2025-06-03,980081.CNI,国证价值100指数,513100,纳指ETF国泰,risk_to_risk_rotation,top_ranked_risk_asset,513100
2025-06-13,513100,纳指ETF国泰,399439.SZ,国证石油天然气指数,risk_to_risk_rotation,top_ranked_risk_asset,399439.SZ
2025-06-25,399439.SZ,国证石油天然气指数,980080.CN,国证成长100指数,risk_to_risk_rotation,top_ranked_risk_asset,980080.CN
2025-07-14,980080.CN,国证成长100指数,513100,纳指ETF国泰,risk_to_risk_rotation,top_ranked_risk_asset,513100
2025-07-15,513100,纳指ETF国泰,980080.CN,国证成长100指数,risk_to_risk_rotation,top_ranked_risk_asset,980080.CN
2025-09-08,980080.CN,国证成长100指数,159934,黄金ETF易方达,risk_to_risk_rotation,top_ranked_risk_asset,159934
2025-10-28,159934,黄金ETF易方达,399439.SZ,国证石油天然气指数,risk_to_risk_rotation,top_ranked_risk_asset,399439.SZ
2025-11-10,399439.SZ,国证石油天然气指数,980081.CNI,国证价值100指数,risk_to_risk_rotation,top_ranked_risk_asset,980081.CNI
2025-11-18,980081.CNI,国证价值100指数,399439.SZ,国证石油天然气指数,risk_to_risk_rotation,top_ranked_risk_asset,399439.SZ
2025-11-21,399439.SZ,国证石油天然气指数,511880,银华日利ETF,risk_to_defensive_fallback,fallback_defensive_asset,
2025-12-01,511880,银华日利ETF,159934,黄金ETF易方达,defensive_to_risk_reentry,top_ranked_risk_asset,159934
2025-12-11,159934,黄金ETF易方达,980080.CN,国证成长100指数,risk_to_risk_rotation,top_ranked_risk_asset,980080.CN
2026-01-21,980080.CN,国证成长100指数,399439.SZ,国证石油天然气指数,risk_to_risk_rotation,top_ranked_risk_asset,399439.SZ
2026-01-28,399439.SZ,国证石油天然气指数,159934,黄金ETF易方达,risk_to_risk_rotation,top_ranked_risk_asset,159934
2026-02-02,159934,黄金ETF易方达,399439.SZ,国证石油天然气指数,risk_to_risk_rotation,top_ranked_risk_asset,399439.SZ
2026-02-13,399439.SZ,国证石油天然气指数,511880,银华日利ETF,risk_to_defensive_fallback,fallback_defensive_asset,
2026-02-24,511880,银华日利ETF,399439.SZ,国证石油天然气指数,defensive_to_risk_reentry,top_ranked_risk_asset,399439.SZ
2026-03-16,399439.SZ,国证石油天然气指数,511880,银华日利ETF,risk_to_defensive_fallback,fallback_defensive_asset,
2026-03-18,511880,银华日利ETF,980080.CN,国证成长100指数,defensive_to_risk_reentry,top_ranked_risk_asset,980080.CN
2026-03-19,980080.CN,国证成长100指数,511880,银华日利ETF,risk_to_defensive_fallback,fallback_defensive_asset,
2026-04-09,511880,银华日利ETF,980080.CN,国证成长100指数,defensive_to_risk_reentry,top_ranked_risk_asset,980080.CN
2026-05-21,980080.CN,国证成长100指数,513100,纳指ETF国泰,risk_to_risk_rotation,top_ranked_risk_asset,513100
2026-05-22,513100,纳指ETF国泰,980080.CN,国证成长100指数,risk_to_risk_rotation,top_ranked_risk_asset,980080.CN
2026-05-27,980080.CN,国证成长100指数,513100,纳指ETF国泰,risk_to_risk_rotation,top_ranked_risk_asset,513100
2026-05-28,513100,纳指ETF国泰,980080.CN,国证成长100指数,risk_to_risk_rotation,top_ranked_risk_asset,980080.CN
2026-06-01,980080.CN,国证成长100指数,513100,纳指ETF国泰,risk_to_risk_rotation,top_ranked_risk_asset,513100
2026-06-05,513100,纳指ETF国泰,980080.CN,国证成长100指数,risk_to_risk_rotation,top_ranked_risk_asset,980080.CN
2026-06-08,980080.CN,国证成长100指数,511880,银华日利ETF,risk_to_defensive_fallback,fallback_defensive_asset,
